{
    "unifieddyn4_nostaticdupe-Bassist": 297.81439208984375,
    "unifieddyn4_nostaticdupe-Fruit": 215.6825714111328,
    "unifieddyn4_nostaticdupe-Curling": 546.1055297851562,
    "unifieddyn4_nostaticdupe-Pony": 151.53549194335938,
    "unifieddyn4_nostaticdupe-Piano": 346.71221923828125
}