{
    "unifiedH_w-Bassist": 729.9819946289062,
    "unifiedH_w-Fruit": 389.888671875,
    "unifiedH_w-Curling": 811.0929565429688,
    "unifiedH_w-Pony": 180.03244018554688,
    "unifiedH_w-Piano": 245.45542907714844
}