{
    "bg_loss-Bassist": 715.67431640625,
    "bg_loss-Fruit": 329.50811767578125,
    "bg_loss-Curling": 579.6443481445312
}