{
    "fg_loss-Pony": 160.16848754882812,
    "unifiedH-Pony": 161.94688415527344,
    "fg_loss-Piano": 351.1949157714844,
    "unifiedH-Piano": 639.2962036132812
}