{
    "4dgs_densification-Bassist": 1132.6710205078125,
    "4dgs_densification-Fruit": 612.1741943359375,
    "4dgs_densification-Curling": 611.3550415039062,
    "4dgs_densification-Pony": 192.59999084472656,
    "4dgs_densification-Piano": 436.1445007324219
}